Name of Doctor,Date,Time,Gender of Patient
John Green,01-10-2024,13:00:00,Male
Leila Cameron,11-11-2024,0:00:00,Male
John Green,02-11-2024,16:00:00,Female
Leila Cameron,23-10-2024,9:00:00,Male
Evan Peter,17-10-2024,9:00:00,Male
Alex Ramirez,02-11-2024,2:00:00,Female
Leila Cameron,25-11-2024,18:00:00,Male
Alex Ramirez,02-10-2024,0:00:00,Male
Jasmine Lee,04-10-2024,14:00:00,Male
Alex Ramirez,19-10-2024,14:00:00,Male
Alex Ramirez,15-10-2024,16:00:00,Female
Jane Powell,07-11-2024,7:00:00,Male
Alex Ramirez,23-11-2024,20:00:00,Female
Evan Peter,21-10-2024,5:00:00,Male
Jasmine Lee,05-10-2024,2:00:00,Male
David Livingston,07-11-2024,22:00:00,Male
Alyana Cruz,03-10-2024,21:00:00,Female
Hardik Sharma,25-10-2024,19:00:00,Male
Jasmine Lee,12-11-2024,10:00:00,Male
John Green,03-10-2024,15:00:00,Male
Alyana Cruz,18-10-2024,22:00:00,Female
Leila Cameron,02-11-2024,8:00:00,Male
Evan Peter,14-10-2024,9:00:00,Male
David Livingston,09-11-2024,23:00:00,Male
Leila Cameron,09-11-2024,12:00:00,Male
John Green,19-11-2024,9:00:00,Male
Hardik Sharma,19-11-2024,6:00:00,Male
Jane Powell,04-10-2024,16:00:00,Male
Hardik Sharma,13-11-2024,4:00:00,Female
John Green,13-11-2024,3:00:00,Female
Jane Powell,19-11-2024,17:00:00,Male
Leila Cameron,12-10-2024,17:00:00,Female
Alyana Cruz,29-11-2024,4:00:00,Female
Jasmine Lee,23-10-2024,2:00:00,Male
Hardik Sharma,07-11-2024,2:00:00,Female
John Green,03-10-2024,9:00:00,Male
Hardik Sharma,05-11-2024,21:00:00,Male
Alyana Cruz,21-11-2024,18:00:00,Female
Evan Peter,01-10-2024,6:00:00,Female
Hardik Sharma,19-10-2024,22:00:00,Female
Jane Powell,01-10-2024,10:00:00,Male
Leila Cameron,10-10-2024,23:00:00,Male
Evan Peter,25-10-2024,12:00:00,Male
Alyana Cruz,05-11-2024,13:00:00,Male
Hardik Sharma,09-11-2024,7:00:00,Male
Evan Peter,28-10-2024,1:00:00,Male
Alex Ramirez,29-10-2024,22:00:00,Male
Hardik Sharma,25-11-2024,1:00:00,Male
Alex Ramirez,11-11-2024,3:00:00,Female
Hardik Sharma,06-10-2024,23:00:00,Male
John Green,03-10-2024,16:00:00,Female
Jane Powell,13-10-2024,4:00:00,Male
David Livingston,25-11-2024,11:00:00,Male
Evan Peter,11-11-2024,8:00:00,Male
Hardik Sharma,01-10-2024,15:00:00,Male
Jasmine Lee,04-10-2024,3:00:00,Female
David Livingston,26-11-2024,17:00:00,Female
Jane Powell,24-11-2024,1:00:00,Female
John Green,26-10-2024,12:00:00,Female
David Livingston,31-10-2024,16:00:00,Female
Jane Powell,06-10-2024,2:00:00,Female
Alyana Cruz,14-11-2024,22:00:00,Female
John Green,22-10-2024,10:00:00,Female
Hardik Sharma,01-10-2024,14:00:00,Female
Alyana Cruz,10-11-2024,2:00:00,Male
Evan Peter,13-10-2024,22:00:00,Female
Alyana Cruz,12-11-2024,7:00:00,Female
Jane Powell,31-10-2024,8:00:00,Male
Leila Cameron,17-10-2024,14:00:00,Female
David Livingston,02-11-2024,0:00:00,Female
Jasmine Lee,21-11-2024,6:00:00,Female
Evan Peter,19-10-2024,12:00:00,Male
Hardik Sharma,22-10-2024,22:00:00,Female
Leila Cameron,16-11-2024,19:00:00,Male
Alyana Cruz,09-11-2024,2:00:00,Male
Alyana Cruz,19-11-2024,10:00:00,Male
Jane Powell,15-10-2024,4:00:00,Male
Hardik Sharma,14-11-2024,21:00:00,Male
Alyana Cruz,27-10-2024,22:00:00,Male
David Livingston,27-10-2024,15:00:00,Male
Evan Peter,02-10-2024,1:00:00,Female
Jane Powell,22-10-2024,20:00:00,Male
Hardik Sharma,28-11-2024,8:00:00,Female
Jane Powell,15-10-2024,13:00:00,Female
Jane Powell,12-10-2024,13:00:00,Female
Alex Ramirez,04-11-2024,3:00:00,Male
Alex Ramirez,09-11-2024,19:00:00,Female
Hardik Sharma,24-10-2024,8:00:00,Male
Alex Ramirez,16-11-2024,22:00:00,Female
Hardik Sharma,10-10-2024,2:00:00,Male
Jasmine Lee,31-10-2024,5:00:00,Male
Alyana Cruz,18-10-2024,5:00:00,Female
Alyana Cruz,23-10-2024,8:00:00,Male
Evan Peter,07-10-2024,11:00:00,Male
John Green,03-11-2024,5:00:00,Female
Hardik Sharma,23-10-2024,13:00:00,Male
Alex Ramirez,16-11-2024,18:00:00,Female
Leila Cameron,12-11-2024,12:00:00,Female
Jasmine Lee,09-11-2024,22:00:00,Male
Evan Peter,08-10-2024,7:00:00,Male
John Green,07-10-2024,11:00:00,Male
Alex Ramirez,17-11-2024,13:00:00,Male
Evan Peter,06-11-2024,10:00:00,Female
Jasmine Lee,10-11-2024,4:00:00,Female
Alyana Cruz,23-11-2024,10:00:00,Male
Alyana Cruz,08-10-2024,5:00:00,Male
Leila Cameron,27-11-2024,8:00:00,Male
Jasmine Lee,25-11-2024,18:00:00,Male
Jane Powell,10-10-2024,6:00:00,Male
Leila Cameron,17-10-2024,10:00:00,Female
David Livingston,25-11-2024,14:00:00,Female
Alex Ramirez,25-11-2024,22:00:00,Female
Evan Peter,27-11-2024,11:00:00,Male
Jasmine Lee,15-11-2024,3:00:00,Female
Alex Ramirez,12-10-2024,15:00:00,Male
Hardik Sharma,27-11-2024,20:00:00,Female
Jasmine Lee,23-11-2024,10:00:00,Male
Jasmine Lee,26-10-2024,22:00:00,Male
Jane Powell,24-10-2024,6:00:00,Male
John Green,25-11-2024,11:00:00,Male
Hardik Sharma,20-11-2024,21:00:00,Male
Jasmine Lee,19-11-2024,23:00:00,Female
Evan Peter,11-11-2024,1:00:00,Female
Jasmine Lee,31-10-2024,10:00:00,Male
David Livingston,23-10-2024,4:00:00,Male
David Livingston,22-11-2024,14:00:00,Male
Alex Ramirez,16-10-2024,3:00:00,Female
Leila Cameron,31-10-2024,14:00:00,Female
Alex Ramirez,30-10-2024,8:00:00,Female
Jasmine Lee,04-11-2024,7:00:00,Female
Alex Ramirez,08-11-2024,2:00:00,Female
Leila Cameron,17-11-2024,1:00:00,Female
Alyana Cruz,31-10-2024,1:00:00,Female
Alyana Cruz,07-11-2024,13:00:00,Female
Alyana Cruz,29-11-2024,10:00:00,Male
Jane Powell,10-11-2024,2:00:00,Female
John Green,17-11-2024,9:00:00,Female
Alex Ramirez,16-10-2024,23:00:00,Male
David Livingston,04-10-2024,0:00:00,Female
David Livingston,08-10-2024,1:00:00,Female
John Green,07-10-2024,16:00:00,Female
Evan Peter,02-11-2024,2:00:00,Male
Jasmine Lee,17-10-2024,21:00:00,Female
Jasmine Lee,04-10-2024,2:00:00,Male
David Livingston,15-11-2024,11:00:00,Female
Jasmine Lee,25-11-2024,11:00:00,Male
Alex Ramirez,01-11-2024,22:00:00,Female
Hardik Sharma,25-10-2024,9:00:00,Male
Evan Peter,27-11-2024,12:00:00,Male
David Livingston,01-11-2024,3:00:00,Male
Leila Cameron,02-10-2024,11:00:00,Male
Alex Ramirez,23-10-2024,6:00:00,Male
Jane Powell,10-11-2024,4:00:00,Male
Alyana Cruz,08-11-2024,14:00:00,Male
Leila Cameron,03-10-2024,22:00:00,Male
Alyana Cruz,23-11-2024,1:00:00,Female
Evan Peter,11-11-2024,18:00:00,Male
John Green,11-10-2024,14:00:00,Male
Alyana Cruz,05-10-2024,19:00:00,Male
Leila Cameron,15-11-2024,10:00:00,Male
Alyana Cruz,05-10-2024,20:00:00,Female
David Livingston,21-10-2024,6:00:00,Female
John Green,09-11-2024,1:00:00,Female
Hardik Sharma,14-10-2024,2:00:00,Male
Evan Peter,23-11-2024,7:00:00,Male
Hardik Sharma,16-10-2024,14:00:00,Female
Evan Peter,21-11-2024,10:00:00,Female
John Green,10-10-2024,11:00:00,Female
Alex Ramirez,08-11-2024,1:00:00,Male
Alex Ramirez,17-10-2024,18:00:00,Male
Evan Peter,27-11-2024,14:00:00,Female
Hardik Sharma,06-10-2024,8:00:00,Male
Leila Cameron,12-10-2024,9:00:00,Male
David Livingston,14-11-2024,22:00:00,Female
Alex Ramirez,20-11-2024,23:00:00,Female
John Green,03-10-2024,17:00:00,Female
Leila Cameron,19-11-2024,16:00:00,Female
Jasmine Lee,16-11-2024,3:00:00,Female
Hardik Sharma,15-10-2024,3:00:00,Male
Hardik Sharma,10-10-2024,5:00:00,Male
Hardik Sharma,16-11-2024,22:00:00,Female
Alex Ramirez,20-10-2024,0:00:00,Male
John Green,05-11-2024,16:00:00,Female
David Livingston,12-10-2024,8:00:00,Male
Leila Cameron,23-11-2024,13:00:00,Male
Jasmine Lee,20-11-2024,3:00:00,Male
Jasmine Lee,23-11-2024,11:00:00,Female
Alex Ramirez,15-11-2024,13:00:00,Male
Alyana Cruz,17-10-2024,19:00:00,Female
Evan Peter,02-11-2024,19:00:00,Female
John Green,19-11-2024,7:00:00,Male
Evan Peter,28-10-2024,8:00:00,Female
Hardik Sharma,14-11-2024,6:00:00,Female
John Green,18-10-2024,0:00:00,Female
John Green,02-10-2024,21:00:00,Female
Hardik Sharma,22-10-2024,20:00:00,Male
Jane Powell,06-11-2024,3:00:00,Male
John Green,22-10-2024,11:00:00,Male
Jane Powell,27-10-2024,14:00:00,Male
Jane Powell,26-10-2024,2:00:00,Male
John Green,09-11-2024,18:00:00,Female
Leila Cameron,14-11-2024,14:00:00,Female
John Green,13-11-2024,23:00:00,Male
Hardik Sharma,15-10-2024,4:00:00,Male
Jasmine Lee,16-11-2024,0:00:00,Male
David Livingston,03-11-2024,10:00:00,Male
Leila Cameron,29-10-2024,14:00:00,Male
Evan Peter,25-11-2024,13:00:00,Female
Leila Cameron,07-10-2024,10:00:00,Female
Jasmine Lee,07-10-2024,23:00:00,Male
John Green,26-11-2024,8:00:00,Male
Jasmine Lee,29-10-2024,17:00:00,Male
Jane Powell,22-11-2024,12:00:00,Female
Jasmine Lee,19-11-2024,18:00:00,Male
Jasmine Lee,29-10-2024,14:00:00,Female
Hardik Sharma,29-10-2024,15:00:00,Female
Alyana Cruz,18-11-2024,18:00:00,Female
Evan Peter,07-11-2024,16:00:00,Female
Evan Peter,14-10-2024,10:00:00,Male
Leila Cameron,06-11-2024,12:00:00,Female
Hardik Sharma,28-11-2024,3:00:00,Female
Leila Cameron,20-10-2024,9:00:00,Male
Alex Ramirez,14-10-2024,5:00:00,Male
David Livingston,10-11-2024,1:00:00,Female
Evan Peter,07-10-2024,21:00:00,Female
Alyana Cruz,17-10-2024,4:00:00,Male
Leila Cameron,08-10-2024,3:00:00,Female
Leila Cameron,11-10-2024,19:00:00,Female
Jasmine Lee,10-11-2024,13:00:00,Male
Leila Cameron,29-11-2024,22:00:00,Male
Hardik Sharma,02-10-2024,16:00:00,Female
Leila Cameron,13-10-2024,0:00:00,Female
Alyana Cruz,16-10-2024,11:00:00,Male
Jasmine Lee,17-10-2024,17:00:00,Male
Jasmine Lee,05-10-2024,7:00:00,Male
Jasmine Lee,08-10-2024,2:00:00,Female
Evan Peter,26-10-2024,3:00:00,Female
Alex Ramirez,25-11-2024,2:00:00,Male
Leila Cameron,31-10-2024,10:00:00,Female
Alyana Cruz,30-10-2024,10:00:00,Male
David Livingston,03-10-2024,7:00:00,Male
Jasmine Lee,11-10-2024,6:00:00,Female
Jane Powell,02-11-2024,16:00:00,Male
Alex Ramirez,11-10-2024,5:00:00,Male
Alyana Cruz,14-11-2024,11:00:00,Male
Jasmine Lee,04-10-2024,15:00:00,Male
David Livingston,03-10-2024,20:00:00,Female
Hardik Sharma,13-10-2024,10:00:00,Male
David Livingston,19-11-2024,5:00:00,Female
John Green,17-10-2024,18:00:00,Male
John Green,27-10-2024,13:00:00,Female
John Green,29-11-2024,5:00:00,Male
Jane Powell,16-10-2024,0:00:00,Male
David Livingston,14-11-2024,21:00:00,Male
Alex Ramirez,02-10-2024,15:00:00,Male
David Livingston,24-11-2024,1:00:00,Male
Hardik Sharma,10-11-2024,4:00:00,Female
David Livingston,09-10-2024,9:00:00,Female
Leila Cameron,05-10-2024,15:00:00,Female
Jasmine Lee,30-10-2024,15:00:00,Male
David Livingston,26-11-2024,18:00:00,Female
Alyana Cruz,07-11-2024,0:00:00,Female
Evan Peter,10-10-2024,16:00:00,Male
Hardik Sharma,22-11-2024,15:00:00,Male
Leila Cameron,21-11-2024,9:00:00,Male
John Green,06-11-2024,6:00:00,Male
Jasmine Lee,20-11-2024,17:00:00,Female
John Green,13-10-2024,11:00:00,Male
Jasmine Lee,02-11-2024,21:00:00,Female
Jane Powell,15-10-2024,15:00:00,Male
Jasmine Lee,06-11-2024,17:00:00,Male
Leila Cameron,10-10-2024,16:00:00,Male
John Green,18-10-2024,5:00:00,Male
John Green,14-11-2024,12:00:00,Female
Alyana Cruz,13-11-2024,3:00:00,Male
Jasmine Lee,25-10-2024,7:00:00,Male
Jasmine Lee,05-11-2024,14:00:00,Female
Jane Powell,25-11-2024,12:00:00,Female
Alex Ramirez,16-11-2024,17:00:00,Female
Alyana Cruz,15-11-2024,15:00:00,Female
Alex Ramirez,23-10-2024,4:00:00,Male
Jane Powell,30-11-2024,0:00:00,Male
Jasmine Lee,06-10-2024,10:00:00,Male
David Livingston,18-10-2024,17:00:00,Male
David Livingston,08-10-2024,9:00:00,Female
Alyana Cruz,25-11-2024,10:00:00,Male
Alyana Cruz,10-11-2024,15:00:00,Female
David Livingston,20-10-2024,16:00:00,Female
Alyana Cruz,01-10-2024,5:00:00,Female
Jasmine Lee,03-11-2024,7:00:00,Female
John Green,29-11-2024,3:00:00,Female
John Green,20-10-2024,5:00:00,Male
Jasmine Lee,07-11-2024,8:00:00,Male
David Livingston,13-11-2024,1:00:00,Male
Evan Peter,01-10-2024,7:00:00,Male
Hardik Sharma,22-11-2024,20:00:00,Female
Evan Peter,19-10-2024,23:00:00,Female
Hardik Sharma,09-10-2024,17:00:00,Female
Jane Powell,14-11-2024,5:00:00,Male
Alex Ramirez,13-10-2024,6:00:00,Female
Evan Peter,09-11-2024,14:00:00,Male
John Green,10-10-2024,17:00:00,Male
Evan Peter,25-10-2024,11:00:00,Female
John Green,01-11-2024,23:00:00,Female
John Green,29-10-2024,14:00:00,Male
David Livingston,22-10-2024,8:00:00,Female
Alex Ramirez,02-10-2024,15:00:00,Male
Alex Ramirez,26-10-2024,23:00:00,Female
David Livingston,30-10-2024,14:00:00,Male
David Livingston,20-10-2024,18:00:00,Male
Leila Cameron,01-10-2024,9:00:00,Female
Jasmine Lee,08-10-2024,3:00:00,Male
David Livingston,30-10-2024,21:00:00,Female
Evan Peter,01-11-2024,3:00:00,Male
Hardik Sharma,15-10-2024,16:00:00,Male
Jasmine Lee,16-11-2024,18:00:00,Female
Jasmine Lee,11-11-2024,0:00:00,Female
Alyana Cruz,11-11-2024,23:00:00,Female
David Livingston,16-11-2024,4:00:00,Female
Jane Powell,05-11-2024,18:00:00,Male
John Green,12-10-2024,17:00:00,Male
Evan Peter,02-11-2024,1:00:00,Female
John Green,11-10-2024,11:00:00,Female
Alex Ramirez,10-10-2024,8:00:00,Female
Jane Powell,27-11-2024,1:00:00,Female
David Livingston,01-10-2024,20:00:00,Male
David Livingston,12-10-2024,16:00:00,Male
Jasmine Lee,07-10-2024,5:00:00,Male
Jane Powell,26-10-2024,9:00:00,Male
Jasmine Lee,04-10-2024,12:00:00,Female
Jane Powell,06-10-2024,3:00:00,Male
Jane Powell,11-10-2024,23:00:00,Female
Jasmine Lee,10-11-2024,19:00:00,Male
John Green,08-11-2024,11:00:00,Female
Jane Powell,14-10-2024,15:00:00,Female
Jasmine Lee,06-11-2024,1:00:00,Male
Leila Cameron,01-10-2024,16:00:00,Male
David Livingston,09-11-2024,0:00:00,Male
Jasmine Lee,10-10-2024,3:00:00,Male
Evan Peter,15-11-2024,11:00:00,Female
Hardik Sharma,10-11-2024,22:00:00,Male
Jane Powell,01-10-2024,18:00:00,Male
Jane Powell,05-11-2024,13:00:00,Female
Leila Cameron,17-11-2024,19:00:00,Female
Hardik Sharma,19-11-2024,15:00:00,Female
Jasmine Lee,01-10-2024,9:00:00,Female
Jane Powell,04-10-2024,18:00:00,Female
John Green,15-11-2024,18:00:00,Female
Leila Cameron,06-10-2024,18:00:00,Male
John Green,26-10-2024,17:00:00,Male
John Green,23-11-2024,14:00:00,Male
Hardik Sharma,20-10-2024,0:00:00,Male
John Green,01-10-2024,19:00:00,Male
Alyana Cruz,26-10-2024,7:00:00,Female
Leila Cameron,13-11-2024,5:00:00,Male
Evan Peter,25-11-2024,20:00:00,Female
Jasmine Lee,16-10-2024,19:00:00,Male
Alex Ramirez,05-10-2024,4:00:00,Female
Alyana Cruz,13-10-2024,5:00:00,Male
Alyana Cruz,10-10-2024,4:00:00,Female
John Green,24-10-2024,14:00:00,Male
Leila Cameron,26-10-2024,15:00:00,Male
Evan Peter,28-11-2024,16:00:00,Male
Evan Peter,04-11-2024,2:00:00,Female
Evan Peter,06-11-2024,6:00:00,Male
Hardik Sharma,09-10-2024,21:00:00,Male
Alex Ramirez,28-10-2024,9:00:00,Male
Jasmine Lee,13-10-2024,14:00:00,Male
Jasmine Lee,08-11-2024,16:00:00,Female
Alex Ramirez,15-10-2024,12:00:00,Female
Hardik Sharma,04-10-2024,10:00:00,Male
Jasmine Lee,20-10-2024,5:00:00,Male
Jane Powell,03-11-2024,21:00:00,Female
Leila Cameron,16-10-2024,15:00:00,Male
David Livingston,06-10-2024,7:00:00,Female
John Green,22-11-2024,20:00:00,Female
Leila Cameron,22-10-2024,7:00:00,Male
Jasmine Lee,02-10-2024,12:00:00,Female
Jane Powell,09-10-2024,17:00:00,Female
Alex Ramirez,09-10-2024,23:00:00,Female
Alex Ramirez,01-10-2024,14:00:00,Male
Evan Peter,05-10-2024,21:00:00,Female
Jasmine Lee,20-10-2024,11:00:00,Female
Jane Powell,16-10-2024,0:00:00,Male
John Green,15-11-2024,12:00:00,Male
Jasmine Lee,25-10-2024,23:00:00,Male
John Green,27-10-2024,0:00:00,Male
Hardik Sharma,02-10-2024,6:00:00,Male
John Green,12-10-2024,13:00:00,Female
Leila Cameron,03-11-2024,3:00:00,Female
David Livingston,29-10-2024,20:00:00,Female
Evan Peter,13-10-2024,12:00:00,Female
Alyana Cruz,05-11-2024,4:00:00,Female
Alyana Cruz,20-11-2024,9:00:00,Male
Alyana Cruz,10-10-2024,3:00:00,Male
Alex Ramirez,25-10-2024,8:00:00,Male
Leila Cameron,03-10-2024,5:00:00,Male
Leila Cameron,30-10-2024,14:00:00,Male
Alex Ramirez,01-10-2024,8:00:00,Male
Jasmine Lee,22-11-2024,13:00:00,Male
Alex Ramirez,30-10-2024,12:00:00,Female
Leila Cameron,22-10-2024,2:00:00,Female
Alex Ramirez,10-11-2024,8:00:00,Female
Hardik Sharma,01-11-2024,21:00:00,Female
Jasmine Lee,01-11-2024,3:00:00,Female
Alyana Cruz,06-11-2024,18:00:00,Female
Leila Cameron,03-10-2024,12:00:00,Female
Jasmine Lee,19-11-2024,21:00:00,Male
Hardik Sharma,27-10-2024,14:00:00,Female
Alyana Cruz,19-10-2024,22:00:00,Male
Evan Peter,30-10-2024,15:00:00,Male
David Livingston,04-11-2024,7:00:00,Female
Alex Ramirez,18-10-2024,13:00:00,Female
Alex Ramirez,05-10-2024,22:00:00,Female
David Livingston,16-10-2024,11:00:00,Female
John Green,08-11-2024,15:00:00,Male
Leila Cameron,24-11-2024,7:00:00,Female
David Livingston,14-10-2024,13:00:00,Female
Jasmine Lee,22-11-2024,5:00:00,Female
David Livingston,14-11-2024,9:00:00,Female
Leila Cameron,28-10-2024,5:00:00,Female
Alyana Cruz,05-10-2024,1:00:00,Female
David Livingston,02-10-2024,14:00:00,Female
Alex Ramirez,20-10-2024,20:00:00,Female
John Green,02-11-2024,4:00:00,Female
Jasmine Lee,23-10-2024,22:00:00,Female
Jane Powell,07-10-2024,17:00:00,Male
Leila Cameron,09-10-2024,18:00:00,Female
Hardik Sharma,10-11-2024,8:00:00,Female
Alex Ramirez,30-10-2024,22:00:00,Female
Evan Peter,26-10-2024,3:00:00,Male
Alyana Cruz,13-11-2024,11:00:00,Female
Leila Cameron,10-10-2024,13:00:00,Male
Alyana Cruz,09-11-2024,17:00:00,Male
Jasmine Lee,12-11-2024,8:00:00,Female
Leila Cameron,03-10-2024,19:00:00,Female
Jasmine Lee,19-10-2024,6:00:00,Female
Jasmine Lee,24-10-2024,10:00:00,Male
Alex Ramirez,23-10-2024,4:00:00,Female
John Green,06-11-2024,4:00:00,Female
Evan Peter,09-10-2024,1:00:00,Female
Leila Cameron,01-11-2024,5:00:00,Male
John Green,26-10-2024,11:00:00,Female
Hardik Sharma,04-11-2024,7:00:00,Male
Jasmine Lee,14-11-2024,9:00:00,Female
Leila Cameron,01-11-2024,21:00:00,Male
Evan Peter,03-11-2024,6:00:00,Male
Jasmine Lee,27-10-2024,9:00:00,Female
David Livingston,23-11-2024,7:00:00,Female
Evan Peter,11-10-2024,18:00:00,Male
Alyana Cruz,09-10-2024,23:00:00,Male
John Green,07-10-2024,8:00:00,Male
John Green,22-11-2024,2:00:00,Male
Hardik Sharma,02-10-2024,6:00:00,Male
Jane Powell,19-11-2024,14:00:00,Male
Jane Powell,31-10-2024,12:00:00,Female
Jasmine Lee,11-10-2024,11:00:00,Female
David Livingston,28-10-2024,16:00:00,Female
Alex Ramirez,06-11-2024,2:00:00,Male
David Livingston,28-10-2024,23:00:00,Female
John Green,09-10-2024,6:00:00,Female
Alex Ramirez,04-10-2024,6:00:00,Male
David Livingston,10-11-2024,9:00:00,Male
Jane Powell,02-11-2024,8:00:00,Female
Evan Peter,22-11-2024,18:00:00,Male
Alex Ramirez,06-11-2024,17:00:00,Female
John Green,01-11-2024,19:00:00,Female
Alex Ramirez,20-10-2024,3:00:00,Male
David Livingston,07-11-2024,10:00:00,Male
David Livingston,21-10-2024,22:00:00,Male
Leila Cameron,21-11-2024,7:00:00,Male
Hardik Sharma,02-11-2024,4:00:00,Male
Jasmine Lee,21-11-2024,9:00:00,Female
David Livingston,19-10-2024,18:00:00,Female
Jasmine Lee,06-11-2024,20:00:00,Female
David Livingston,25-10-2024,17:00:00,Female
Evan Peter,24-11-2024,18:00:00,Female
Evan Peter,19-11-2024,6:00:00,Female
Jasmine Lee,13-11-2024,5:00:00,Male
Alyana Cruz,17-11-2024,9:00:00,Female
David Livingston,12-10-2024,9:00:00,Female
John Green,19-11-2024,8:00:00,Male
Leila Cameron,23-11-2024,20:00:00,Male
John Green,02-10-2024,14:00:00,Female
David Livingston,04-10-2024,15:00:00,Female
Evan Peter,17-10-2024,5:00:00,Female
Hardik Sharma,17-10-2024,16:00:00,Female
Jasmine Lee,24-10-2024,5:00:00,Female
Leila Cameron,09-11-2024,11:00:00,Female
David Livingston,09-11-2024,12:00:00,Female
Alyana Cruz,10-11-2024,11:00:00,Male
Alex Ramirez,10-11-2024,23:00:00,Male
Alex Ramirez,11-10-2024,12:00:00,Male
Jane Powell,08-11-2024,2:00:00,Male
Jane Powell,29-11-2024,22:00:00,Male
Alyana Cruz,25-11-2024,4:00:00,Female
Alyana Cruz,28-11-2024,20:00:00,Male
Leila Cameron,21-11-2024,15:00:00,Male
Hardik Sharma,01-10-2024,9:00:00,Male
John Green,14-10-2024,8:00:00,Male
Alex Ramirez,04-10-2024,17:00:00,Male
David Livingston,16-11-2024,7:00:00,Female
Alex Ramirez,20-10-2024,4:00:00,Male
Alex Ramirez,02-10-2024,4:00:00,Female
Evan Peter,02-10-2024,22:00:00,Female
Jane Powell,16-10-2024,20:00:00,Male
Leila Cameron,20-10-2024,13:00:00,Female
Alex Ramirez,22-10-2024,23:00:00,Female
John Green,20-10-2024,18:00:00,Male
John Green,23-11-2024,3:00:00,Male
Hardik Sharma,07-11-2024,3:00:00,Female
Hardik Sharma,10-11-2024,8:00:00,Male
Evan Peter,11-11-2024,2:00:00,Female
Leila Cameron,27-11-2024,5:00:00,Male
Alyana Cruz,28-10-2024,2:00:00,Male
David Livingston,22-11-2024,10:00:00,Female
Hardik Sharma,12-11-2024,11:00:00,Female
Alex Ramirez,22-10-2024,9:00:00,Male
Evan Peter,29-11-2024,6:00:00,Female
Evan Peter,02-10-2024,8:00:00,Male
Evan Peter,18-11-2024,10:00:00,Male
Alyana Cruz,18-11-2024,1:00:00,Male
Alex Ramirez,21-10-2024,15:00:00,Male
Hardik Sharma,10-10-2024,9:00:00,Female
Alyana Cruz,13-11-2024,11:00:00,Female
Hardik Sharma,05-10-2024,1:00:00,Female
John Green,24-11-2024,21:00:00,Female
Hardik Sharma,18-10-2024,8:00:00,Male
Jane Powell,08-10-2024,19:00:00,Male
David Livingston,03-10-2024,22:00:00,Female
John Green,06-10-2024,10:00:00,Male
Hardik Sharma,03-11-2024,11:00:00,Male
John Green,14-11-2024,12:00:00,Male
Jasmine Lee,18-11-2024,10:00:00,Female
David Livingston,07-10-2024,22:00:00,Male
John Green,26-10-2024,15:00:00,Female
Evan Peter,14-10-2024,12:00:00,Female
David Livingston,25-10-2024,21:00:00,Male
David Livingston,14-11-2024,1:00:00,Male
David Livingston,22-11-2024,0:00:00,Female
Leila Cameron,05-10-2024,14:00:00,Female
Hardik Sharma,04-10-2024,2:00:00,Female
Jasmine Lee,01-10-2024,2:00:00,Male
Alyana Cruz,19-11-2024,7:00:00,Female
Evan Peter,26-11-2024,17:00:00,Female
Jane Powell,07-10-2024,2:00:00,Female
Evan Peter,21-10-2024,16:00:00,Male
Hardik Sharma,11-11-2024,2:00:00,Female
Hardik Sharma,09-10-2024,7:00:00,Male
Alex Ramirez,17-11-2024,5:00:00,Female
Jane Powell,09-11-2024,9:00:00,Male
Jasmine Lee,04-11-2024,4:00:00,Male
Leila Cameron,19-11-2024,12:00:00,Female
John Green,07-10-2024,21:00:00,Female
Jasmine Lee,29-10-2024,7:00:00,Male
Alyana Cruz,07-10-2024,14:00:00,Female
Leila Cameron,21-10-2024,4:00:00,Female
Alex Ramirez,13-11-2024,8:00:00,Female
Evan Peter,18-11-2024,13:00:00,Female
Jane Powell,20-10-2024,17:00:00,Male
John Green,20-11-2024,3:00:00,Female
Evan Peter,05-11-2024,9:00:00,Female
Jasmine Lee,14-10-2024,2:00:00,Male
Alyana Cruz,05-11-2024,13:00:00,Female
Leila Cameron,27-11-2024,15:00:00,Female
Alyana Cruz,10-11-2024,20:00:00,Female
Hardik Sharma,13-10-2024,10:00:00,Male
Evan Peter,16-10-2024,23:00:00,Male
Jasmine Lee,20-11-2024,0:00:00,Female
Leila Cameron,15-10-2024,16:00:00,Female
Alex Ramirez,27-11-2024,0:00:00,Female
Evan Peter,03-10-2024,8:00:00,Female
Jasmine Lee,11-10-2024,5:00:00,Male
David Livingston,15-11-2024,11:00:00,Male
Jane Powell,05-10-2024,23:00:00,Male
Alyana Cruz,13-11-2024,9:00:00,Male
John Green,26-11-2024,14:00:00,Female
Evan Peter,20-10-2024,21:00:00,Female
Alex Ramirez,15-10-2024,7:00:00,Female
Leila Cameron,01-10-2024,10:00:00,Female
David Livingston,29-11-2024,0:00:00,Female
Alex Ramirez,24-10-2024,6:00:00,Female
John Green,20-10-2024,3:00:00,Female
John Green,10-10-2024,2:00:00,Female
Jasmine Lee,19-10-2024,2:00:00,Male
John Green,08-11-2024,6:00:00,Female
Alex Ramirez,06-11-2024,2:00:00,Female
Alex Ramirez,21-11-2024,0:00:00,Male
John Green,24-11-2024,8:00:00,Female
Jasmine Lee,05-10-2024,17:00:00,Male
John Green,23-11-2024,5:00:00,Female
David Livingston,26-10-2024,3:00:00,Male
Hardik Sharma,10-11-2024,7:00:00,Female
Leila Cameron,05-10-2024,17:00:00,Male
Evan Peter,02-11-2024,10:00:00,Male
Hardik Sharma,12-11-2024,15:00:00,Male
Hardik Sharma,13-11-2024,21:00:00,Male
Alex Ramirez,03-10-2024,8:00:00,Male
David Livingston,17-11-2024,12:00:00,Male
Jasmine Lee,27-11-2024,10:00:00,Male
Leila Cameron,03-11-2024,19:00:00,Female
Leila Cameron,02-10-2024,8:00:00,Male
Hardik Sharma,10-11-2024,19:00:00,Female
Alex Ramirez,23-10-2024,3:00:00,Male
Jasmine Lee,09-11-2024,20:00:00,Female
David Livingston,21-11-2024,17:00:00,Female
Hardik Sharma,02-10-2024,2:00:00,Female
Hardik Sharma,25-10-2024,23:00:00,Male
Alex Ramirez,29-10-2024,6:00:00,Female
David Livingston,19-11-2024,7:00:00,Male
Jane Powell,16-10-2024,10:00:00,Male
Alex Ramirez,18-10-2024,15:00:00,Female
Jane Powell,07-11-2024,1:00:00,Female
Alyana Cruz,08-10-2024,12:00:00,Male
Evan Peter,13-11-2024,15:00:00,Male
Hardik Sharma,16-11-2024,14:00:00,Male
Alex Ramirez,09-10-2024,15:00:00,Male
Hardik Sharma,11-11-2024,7:00:00,Male
Alyana Cruz,26-10-2024,17:00:00,Male
Alyana Cruz,12-11-2024,8:00:00,Male
Jane Powell,06-10-2024,15:00:00,Male
Jasmine Lee,29-11-2024,7:00:00,Male
Alyana Cruz,16-10-2024,9:00:00,Male
John Green,22-10-2024,21:00:00,Female
Alex Ramirez,08-11-2024,9:00:00,Female
Jane Powell,28-11-2024,2:00:00,Female
Alyana Cruz,23-10-2024,13:00:00,Female
Alex Ramirez,01-10-2024,5:00:00,Male
Jasmine Lee,04-10-2024,10:00:00,Female
Alyana Cruz,15-10-2024,2:00:00,Female
Hardik Sharma,05-10-2024,2:00:00,Female
Alyana Cruz,14-10-2024,16:00:00,Female
Evan Peter,04-11-2024,6:00:00,Female
Jasmine Lee,08-11-2024,12:00:00,Female
Jane Powell,29-10-2024,7:00:00,Male
Hardik Sharma,23-10-2024,5:00:00,Female
Alex Ramirez,28-11-2024,17:00:00,Male
John Green,25-11-2024,1:00:00,Female
Hardik Sharma,22-10-2024,2:00:00,Female
Alyana Cruz,26-11-2024,5:00:00,Female
Hardik Sharma,27-11-2024,5:00:00,Female
Jane Powell,09-10-2024,22:00:00,Male
Alex Ramirez,18-10-2024,1:00:00,Female
Hardik Sharma,25-11-2024,10:00:00,Male
Leila Cameron,28-10-2024,10:00:00,Male
Jane Powell,23-11-2024,16:00:00,Female
Alex Ramirez,02-10-2024,18:00:00,Female
John Green,27-10-2024,2:00:00,Male
Alex Ramirez,12-11-2024,12:00:00,Female
Jasmine Lee,04-10-2024,19:00:00,Female
David Livingston,07-10-2024,5:00:00,Female
Alyana Cruz,06-10-2024,11:00:00,Female
David Livingston,18-11-2024,0:00:00,Male
Jane Powell,04-11-2024,15:00:00,Male
Alyana Cruz,02-11-2024,3:00:00,Male
Alyana Cruz,23-10-2024,12:00:00,Male
Jane Powell,27-11-2024,21:00:00,Female
Alex Ramirez,03-11-2024,13:00:00,Female
Jane Powell,18-10-2024,6:00:00,Female
Alyana Cruz,02-11-2024,16:00:00,Female
Leila Cameron,27-10-2024,0:00:00,Male
Alyana Cruz,22-11-2024,20:00:00,Male
David Livingston,06-10-2024,20:00:00,Male
Jasmine Lee,27-11-2024,16:00:00,Male
Evan Peter,12-11-2024,6:00:00,Female
Jasmine Lee,19-11-2024,23:00:00,Female
Evan Peter,23-10-2024,0:00:00,Male
Alex Ramirez,14-10-2024,1:00:00,Male
Jasmine Lee,23-10-2024,22:00:00,Female
Alyana Cruz,04-10-2024,17:00:00,Female
Alex Ramirez,24-11-2024,23:00:00,Female
Hardik Sharma,19-10-2024,4:00:00,Female
Jane Powell,19-10-2024,16:00:00,Female
John Green,16-11-2024,15:00:00,Female
Leila Cameron,28-11-2024,6:00:00,Female
John Green,16-11-2024,4:00:00,Female
Jasmine Lee,23-10-2024,1:00:00,Male
Alyana Cruz,16-11-2024,10:00:00,Male
Jane Powell,11-11-2024,17:00:00,Female
David Livingston,04-10-2024,19:00:00,Male
Alex Ramirez,10-11-2024,10:00:00,Female
Jane Powell,30-10-2024,18:00:00,Female
David Livingston,06-10-2024,3:00:00,Female
Jane Powell,11-11-2024,5:00:00,Female
Alyana Cruz,27-11-2024,17:00:00,Male
John Green,15-11-2024,9:00:00,Female
Evan Peter,02-10-2024,7:00:00,Female
Alyana Cruz,31-10-2024,10:00:00,Male
Alyana Cruz,30-10-2024,12:00:00,Female
Hardik Sharma,03-10-2024,23:00:00,Male
Alex Ramirez,30-10-2024,16:00:00,Female
Leila Cameron,15-10-2024,13:00:00,Female
Leila Cameron,08-11-2024,15:00:00,Female
Alex Ramirez,01-11-2024,1:00:00,Female
John Green,28-10-2024,23:00:00,Female
David Livingston,07-10-2024,16:00:00,Male
Jasmine Lee,04-10-2024,3:00:00,Female
John Green,16-10-2024,22:00:00,Female
Hardik Sharma,23-11-2024,7:00:00,Female
Leila Cameron,29-10-2024,5:00:00,Male
John Green,04-11-2024,3:00:00,Female
Jasmine Lee,01-11-2024,20:00:00,Female
Leila Cameron,14-11-2024,6:00:00,Female
John Green,15-11-2024,6:00:00,Male
Evan Peter,26-10-2024,13:00:00,Female
Jane Powell,22-10-2024,5:00:00,Female
David Livingston,10-10-2024,11:00:00,Female
Evan Peter,14-11-2024,14:00:00,Female
David Livingston,01-10-2024,17:00:00,Male
Evan Peter,08-10-2024,23:00:00,Female
Jane Powell,16-10-2024,1:00:00,Male
John Green,20-11-2024,12:00:00,Male
John Green,19-10-2024,12:00:00,Male
Hardik Sharma,18-11-2024,6:00:00,Female
Leila Cameron,14-10-2024,1:00:00,Female
Evan Peter,04-10-2024,1:00:00,Female
David Livingston,20-11-2024,20:00:00,Male
Leila Cameron,17-11-2024,13:00:00,Female
David Livingston,06-10-2024,2:00:00,Female
Alex Ramirez,23-11-2024,4:00:00,Female
Alyana Cruz,24-11-2024,17:00:00,Male
Jane Powell,27-11-2024,4:00:00,Female
Jasmine Lee,12-11-2024,21:00:00,Male
David Livingston,23-11-2024,16:00:00,Male
David Livingston,05-11-2024,14:00:00,Female
Leila Cameron,16-11-2024,22:00:00,Male
Hardik Sharma,05-11-2024,1:00:00,Male
Alyana Cruz,17-10-2024,18:00:00,Female
Leila Cameron,03-11-2024,13:00:00,Female
Leila Cameron,01-10-2024,23:00:00,Male
Jasmine Lee,02-11-2024,9:00:00,Female
Hardik Sharma,23-11-2024,17:00:00,Female
Alex Ramirez,19-10-2024,7:00:00,Male
Hardik Sharma,21-11-2024,8:00:00,Male
Leila Cameron,01-11-2024,23:00:00,Male
Hardik Sharma,25-11-2024,3:00:00,Female
David Livingston,01-11-2024,18:00:00,Male
Evan Peter,27-11-2024,17:00:00,Male
Hardik Sharma,11-10-2024,21:00:00,Male
Alyana Cruz,11-10-2024,9:00:00,Male
Jasmine Lee,23-10-2024,7:00:00,Female
Evan Peter,28-11-2024,15:00:00,Female
John Green,26-10-2024,10:00:00,Female
Jasmine Lee,05-11-2024,4:00:00,Male
Jasmine Lee,07-10-2024,21:00:00,Female
John Green,30-10-2024,14:00:00,Male
David Livingston,19-10-2024,22:00:00,Male
Leila Cameron,12-10-2024,14:00:00,Female
Jasmine Lee,03-11-2024,7:00:00,Male
Jane Powell,11-10-2024,16:00:00,Male
John Green,06-11-2024,20:00:00,Female
Hardik Sharma,14-10-2024,4:00:00,Male
Jasmine Lee,09-11-2024,2:00:00,Male
David Livingston,21-11-2024,15:00:00,Female
Hardik Sharma,23-11-2024,5:00:00,Male
Hardik Sharma,02-11-2024,15:00:00,Female
Alyana Cruz,03-11-2024,15:00:00,Female
Hardik Sharma,07-10-2024,18:00:00,Male
Jane Powell,07-11-2024,17:00:00,Male
Hardik Sharma,05-10-2024,15:00:00,Female
Jasmine Lee,14-11-2024,13:00:00,Male
Hardik Sharma,02-11-2024,14:00:00,Male
Alex Ramirez,28-10-2024,0:00:00,Male
Jasmine Lee,06-10-2024,4:00:00,Female
Alyana Cruz,11-11-2024,23:00:00,Male
Alex Ramirez,18-10-2024,8:00:00,Female
Alex Ramirez,10-11-2024,16:00:00,Female
Alyana Cruz,13-10-2024,3:00:00,Female
Jane Powell,25-11-2024,14:00:00,Male
Leila Cameron,13-11-2024,3:00:00,Female
David Livingston,07-11-2024,17:00:00,Male
Jane Powell,02-11-2024,8:00:00,Female
Jane Powell,30-10-2024,9:00:00,Female
Leila Cameron,08-10-2024,17:00:00,Male
Hardik Sharma,16-10-2024,20:00:00,Female
Alyana Cruz,18-11-2024,2:00:00,Male
Alyana Cruz,03-11-2024,19:00:00,Female
Jane Powell,22-10-2024,22:00:00,Female
Hardik Sharma,04-11-2024,5:00:00,Female
Hardik Sharma,21-11-2024,6:00:00,Male
Jane Powell,23-11-2024,11:00:00,Female
Alex Ramirez,22-10-2024,13:00:00,Male
Leila Cameron,23-10-2024,15:00:00,Female
Hardik Sharma,23-10-2024,13:00:00,Female
Evan Peter,15-10-2024,12:00:00,Female
Jane Powell,01-11-2024,16:00:00,Female
John Green,25-11-2024,11:00:00,Female
Leila Cameron,09-10-2024,0:00:00,Male
Alex Ramirez,06-10-2024,7:00:00,Female
Evan Peter,28-10-2024,23:00:00,Female
David Livingston,29-10-2024,0:00:00,Female
John Green,19-11-2024,2:00:00,Male
Hardik Sharma,21-11-2024,6:00:00,Female
Jane Powell,22-11-2024,19:00:00,Male
Jasmine Lee,25-11-2024,5:00:00,Male
Evan Peter,03-10-2024,10:00:00,Female
Jasmine Lee,10-10-2024,2:00:00,Female
Evan Peter,29-10-2024,8:00:00,Female
Hardik Sharma,07-11-2024,15:00:00,Female
Jane Powell,11-10-2024,13:00:00,Male
Evan Peter,12-11-2024,16:00:00,Female
Alyana Cruz,21-11-2024,19:00:00,Female
Hardik Sharma,08-10-2024,22:00:00,Male
John Green,17-10-2024,15:00:00,Male
Jasmine Lee,25-10-2024,9:00:00,Male
Leila Cameron,21-10-2024,8:00:00,Male
Alex Ramirez,30-10-2024,22:00:00,Male
Jane Powell,03-11-2024,15:00:00,Male
Leila Cameron,10-10-2024,11:00:00,Male
Leila Cameron,31-10-2024,22:00:00,Male
Jasmine Lee,17-10-2024,1:00:00,Male
Jane Powell,01-10-2024,18:00:00,Male
Hardik Sharma,18-11-2024,11:00:00,Male
David Livingston,06-11-2024,15:00:00,Male
Evan Peter,16-10-2024,10:00:00,Male
Jane Powell,26-10-2024,4:00:00,Female
Alex Ramirez,27-11-2024,17:00:00,Female
Hardik Sharma,04-10-2024,0:00:00,Female
Hardik Sharma,24-11-2024,1:00:00,Female
David Livingston,19-11-2024,17:00:00,Female
David Livingston,03-11-2024,23:00:00,Female
Hardik Sharma,20-10-2024,0:00:00,Male
Alyana Cruz,26-10-2024,12:00:00,Female
Jane Powell,30-10-2024,21:00:00,Male
David Livingston,24-10-2024,1:00:00,Male
Jane Powell,01-11-2024,15:00:00,Male
Alex Ramirez,16-11-2024,19:00:00,Male
Jasmine Lee,06-11-2024,12:00:00,Male
Alyana Cruz,15-11-2024,10:00:00,Male
John Green,30-10-2024,22:00:00,Female
Alyana Cruz,14-10-2024,3:00:00,Female
Hardik Sharma,12-11-2024,7:00:00,Female
Jane Powell,21-10-2024,11:00:00,Female
David Livingston,14-11-2024,4:00:00,Female
Hardik Sharma,20-11-2024,7:00:00,Female
Evan Peter,01-10-2024,23:00:00,Male
Hardik Sharma,22-10-2024,23:00:00,Male
David Livingston,16-11-2024,2:00:00,Female
Alyana Cruz,07-11-2024,14:00:00,Female
Alyana Cruz,07-10-2024,19:00:00,Female
Alyana Cruz,03-10-2024,6:00:00,Female
Alyana Cruz,02-11-2024,9:00:00,Male
Leila Cameron,26-10-2024,20:00:00,Male
Jane Powell,04-11-2024,19:00:00,Male
Evan Peter,06-10-2024,21:00:00,Male
Jane Powell,01-11-2024,14:00:00,Female
Jasmine Lee,31-10-2024,5:00:00,Male
Alex Ramirez,06-11-2024,3:00:00,Female
Evan Peter,17-11-2024,21:00:00,Female
John Green,04-11-2024,16:00:00,Female
John Green,25-11-2024,10:00:00,Female
Hardik Sharma,06-10-2024,1:00:00,Male
Evan Peter,10-10-2024,4:00:00,Male
Evan Peter,23-11-2024,4:00:00,Female
Evan Peter,17-10-2024,21:00:00,Female
Alyana Cruz,09-10-2024,21:00:00,Female
Leila Cameron,26-11-2024,15:00:00,Male
Leila Cameron,27-11-2024,22:00:00,Female
Leila Cameron,24-10-2024,9:00:00,Female
Leila Cameron,19-11-2024,2:00:00,Female
Alyana Cruz,15-10-2024,0:00:00,Female
Alyana Cruz,22-10-2024,10:00:00,Female
Hardik Sharma,22-11-2024,13:00:00,Male
Alyana Cruz,29-10-2024,21:00:00,Female
Leila Cameron,28-10-2024,8:00:00,Female
Alex Ramirez,06-10-2024,23:00:00,Female
Jane Powell,28-10-2024,1:00:00,Female
Evan Peter,18-10-2024,21:00:00,Male
Alex Ramirez,31-10-2024,5:00:00,Female
David Livingston,02-11-2024,6:00:00,Female
Evan Peter,31-10-2024,5:00:00,Male
Jasmine Lee,01-11-2024,10:00:00,Female
David Livingston,01-10-2024,21:00:00,Male
Alex Ramirez,28-10-2024,5:00:00,Female
Jane Powell,20-11-2024,16:00:00,Female
John Green,22-10-2024,12:00:00,Male
Alyana Cruz,13-10-2024,15:00:00,Female
Hardik Sharma,15-11-2024,13:00:00,Male
John Green,26-10-2024,5:00:00,Female
Leila Cameron,19-10-2024,15:00:00,Male
Evan Peter,10-10-2024,14:00:00,Female
Jane Powell,14-11-2024,3:00:00,Female
Hardik Sharma,16-11-2024,22:00:00,Female
Evan Peter,12-10-2024,6:00:00,Male
Alyana Cruz,09-10-2024,13:00:00,Male
Hardik Sharma,17-11-2024,9:00:00,Male
Evan Peter,20-10-2024,10:00:00,Female
Evan Peter,04-10-2024,20:00:00,Female
David Livingston,04-11-2024,6:00:00,Male
Leila Cameron,25-10-2024,2:00:00,Female
Hardik Sharma,30-10-2024,19:00:00,Female
Jane Powell,10-11-2024,13:00:00,Female
Jasmine Lee,24-11-2024,10:00:00,Female
John Green,08-11-2024,18:00:00,Female
Leila Cameron,01-11-2024,18:00:00,Female
Evan Peter,15-11-2024,22:00:00,Female
Hardik Sharma,03-11-2024,7:00:00,Male
David Livingston,21-10-2024,6:00:00,Male
Jasmine Lee,06-11-2024,2:00:00,Male
Evan Peter,25-10-2024,17:00:00,Female
Evan Peter,05-10-2024,13:00:00,Male
Evan Peter,13-11-2024,10:00:00,Male
Evan Peter,02-11-2024,7:00:00,Male
Evan Peter,24-11-2024,0:00:00,Male
Hardik Sharma,11-10-2024,7:00:00,Female
Leila Cameron,02-10-2024,9:00:00,Female
Leila Cameron,27-10-2024,7:00:00,Female
Jasmine Lee,02-11-2024,16:00:00,Female
Hardik Sharma,28-11-2024,2:00:00,Male
David Livingston,01-11-2024,15:00:00,Female
Alex Ramirez,05-10-2024,3:00:00,Female
Alyana Cruz,19-10-2024,23:00:00,Female
David Livingston,17-10-2024,12:00:00,Male
Alyana Cruz,08-11-2024,3:00:00,Male
Alex Ramirez,16-11-2024,11:00:00,Female
David Livingston,05-10-2024,14:00:00,Male
Jasmine Lee,17-10-2024,19:00:00,Male
Evan Peter,29-10-2024,14:00:00,Male
Alyana Cruz,04-11-2024,3:00:00,Female
Jane Powell,16-10-2024,8:00:00,Male
Jane Powell,11-10-2024,14:00:00,Male
Alex Ramirez,21-11-2024,12:00:00,Female
Jane Powell,04-10-2024,10:00:00,Male
Alex Ramirez,19-10-2024,1:00:00,Female
Leila Cameron,17-10-2024,4:00:00,Female
Leila Cameron,23-11-2024,14:00:00,Female
Jane Powell,19-10-2024,11:00:00,Male
Evan Peter,20-10-2024,20:00:00,Male
Jasmine Lee,10-11-2024,18:00:00,Male
Hardik Sharma,10-11-2024,21:00:00,Male
Alyana Cruz,16-11-2024,2:00:00,Male
Jasmine Lee,26-10-2024,23:00:00,Female
Jasmine Lee,10-10-2024,0:00:00,Male
Leila Cameron,19-10-2024,7:00:00,Male
Evan Peter,10-11-2024,7:00:00,Male
Jane Powell,01-11-2024,1:00:00,Female
Jane Powell,23-11-2024,1:00:00,Female
Hardik Sharma,18-11-2024,0:00:00,Female
Hardik Sharma,20-10-2024,11:00:00,Female
Evan Peter,01-11-2024,14:00:00,Female
Alex Ramirez,03-10-2024,0:00:00,Female
Evan Peter,28-10-2024,20:00:00,Female
Evan Peter,24-11-2024,5:00:00,Female
John Green,17-11-2024,11:00:00,Female
Jasmine Lee,13-11-2024,4:00:00,Male
Alyana Cruz,22-11-2024,20:00:00,Female
Evan Peter,25-11-2024,14:00:00,Male
Alyana Cruz,28-11-2024,14:00:00,Female
John Green,14-11-2024,6:00:00,Male
Evan Peter,02-11-2024,19:00:00,Female
Leila Cameron,11-11-2024,16:00:00,Female
Hardik Sharma,25-10-2024,8:00:00,Female
Hardik Sharma,28-11-2024,19:00:00,Female
Jasmine Lee,09-11-2024,1:00:00,Male
Leila Cameron,29-11-2024,3:00:00,Male
Jane Powell,07-11-2024,21:00:00,Male
Jane Powell,22-10-2024,15:00:00,Male
Evan Peter,26-11-2024,2:00:00,Male
Hardik Sharma,19-10-2024,20:00:00,Female
Evan Peter,21-11-2024,0:00:00,Male
John Green,21-10-2024,16:00:00,Male
Jane Powell,25-11-2024,23:00:00,Male
Alex Ramirez,22-11-2024,13:00:00,Male
Alyana Cruz,10-11-2024,23:00:00,Male
Leila Cameron,26-11-2024,15:00:00,Male
John Green,01-10-2024,6:00:00,Female
Jane Powell,11-10-2024,5:00:00,Male
Jasmine Lee,02-10-2024,6:00:00,Female
Leila Cameron,26-10-2024,18:00:00,Male
David Livingston,22-10-2024,0:00:00,Male
Leila Cameron,04-10-2024,21:00:00,Female
Jasmine Lee,19-11-2024,13:00:00,Female
Leila Cameron,01-11-2024,19:00:00,Male
John Green,16-11-2024,13:00:00,Female
Jasmine Lee,25-11-2024,18:00:00,Male
Hardik Sharma,19-11-2024,0:00:00,Male
Hardik Sharma,27-11-2024,19:00:00,Male
Alyana Cruz,21-10-2024,15:00:00,Male
Jasmine Lee,08-11-2024,19:00:00,Female
Leila Cameron,08-10-2024,3:00:00,Male
Hardik Sharma,17-10-2024,16:00:00,Female
Evan Peter,28-11-2024,10:00:00,Male
David Livingston,22-10-2024,2:00:00,Female
Leila Cameron,26-10-2024,10:00:00,Female
Evan Peter,28-10-2024,6:00:00,Male
Evan Peter,24-11-2024,0:00:00,Female
Hardik Sharma,01-10-2024,21:00:00,Female
Evan Peter,02-10-2024,9:00:00,Male
Jane Powell,23-11-2024,3:00:00,Female
David Livingston,20-11-2024,23:00:00,Female
Leila Cameron,10-11-2024,20:00:00,Female
Hardik Sharma,21-10-2024,7:00:00,Female
John Green,08-11-2024,19:00:00,Male
Jane Powell,28-10-2024,1:00:00,Male
Jane Powell,22-11-2024,9:00:00,Female
Jane Powell,14-11-2024,1:00:00,Male
Jasmine Lee,28-11-2024,10:00:00,Male
Leila Cameron,13-10-2024,22:00:00,Male
David Livingston,05-10-2024,13:00:00,Female
David Livingston,01-01-2024,11:00:00,Male
